-- Techno Store — seed data (auto-generated)

-- account (3 rows)
INSERT INTO "account" ("id", "accountId", "providerId", "userId", "accessToken", "refreshToken", "idToken", "accessTokenExpiresAt", "refreshTokenExpiresAt", "scope", "password", "createdAt", "updatedAt") VALUES ('JI1MToR0RUDJk6ekuOxIWyOSbP5iGvO6', 'OkM2sXpSIzWHvMGTFbT3OLa8biNNYNYX', 'credential', 'OkM2sXpSIzWHvMGTFbT3OLa8biNNYNYX', NULL, NULL, NULL, NULL, NULL, NULL, 'bb37e68288ce7ae81994e1641f9fa20a:a368835203cbdeaa30c1bb60e5ad1af747c9ced5b4805f2bef866b7a9580816cca08ec4d8a07987e14a57689e69eba7ca9e6987ad8573a036e245c101256db8b', '2026-07-09T20:34:40.202Z', '2026-07-09T20:34:40.202Z') ON CONFLICT DO NOTHING;
INSERT INTO "account" ("id", "accountId", "providerId", "userId", "accessToken", "refreshToken", "idToken", "accessTokenExpiresAt", "refreshTokenExpiresAt", "scope", "password", "createdAt", "updatedAt") VALUES ('LEcjcqXuzGyQc9BoSPl20H06TAz45Usi', 'QPirC3Pe03kIko5IhpHlJARiODcJaleP', 'credential', 'QPirC3Pe03kIko5IhpHlJARiODcJaleP', NULL, NULL, NULL, NULL, NULL, NULL, '3fae2f104d88c72e0b68a3c683471872:9e7b19f50b6abeee1fe4596d61c05c0c2d4a6a5855ba8ff6520beaadd99758d095fe615adc4d329c8f21591ca9b58ac669ef4fb24e4890d579781250d56f2911', '2026-07-09T21:56:48.161Z', '2026-07-09T21:56:48.161Z') ON CONFLICT DO NOTHING;
INSERT INTO "account" ("id", "accountId", "providerId", "userId", "accessToken", "refreshToken", "idToken", "accessTokenExpiresAt", "refreshTokenExpiresAt", "scope", "password", "createdAt", "updatedAt") VALUES ('RWYMZKsfj4FsTQ4S0Gv3zpBT82Nk8kcZ', 'hvyDFhb69swhYWHiLy0tJfBwUqBraTnP', 'credential', 'hvyDFhb69swhYWHiLy0tJfBwUqBraTnP', NULL, NULL, NULL, NULL, NULL, NULL, '18de98954b1133652c45a571310c0fd9:b665dc11cfd3a68933442c7f150c40ba0946b12812ba5d8d94d26ae4f1436b26323ca319e6df1676b0a350416c513bdfe67538d9e37e1ae3a8d957b833fdbe4d', '2026-07-09T22:02:18.511Z', '2026-07-09T22:05:46.882Z') ON CONFLICT DO NOTHING;

-- article_categories (3 rows)
INSERT INTO "article_categories" ("id", "name", "slug", "description", "sort_order", "created_at") VALUES (1, 'Новости', 'news', 'Новости магазина и индустрии', 1, '2026-07-09T19:36:30.525Z') ON CONFLICT DO NOTHING;
INSERT INTO "article_categories" ("id", "name", "slug", "description", "sort_order", "created_at") VALUES (2, 'Обзоры', 'reviews', 'Обзоры товаров', 2, '2026-07-09T19:36:30.525Z') ON CONFLICT DO NOTHING;
INSERT INTO "article_categories" ("id", "name", "slug", "description", "sort_order", "created_at") VALUES (3, 'Гайды', 'guides', 'Инструкции и советы', 3, '2026-07-09T19:36:30.525Z') ON CONFLICT DO NOTHING;

-- articles (3 rows)
INSERT INTO "articles" ("id", "title", "slug", "category_id", "excerpt", "content", "cover_image", "author", "tags", "status", "is_featured", "views_count", "reading_minutes", "meta_title", "meta_description", "published_at", "created_at", "updated_at") VALUES (1, 'Як обрати бездротові навушники у 2026 році', 'how-to-choose-earbuds', 2, 'Розбираємо ключові характеристики при виборі навушників.', '<p>При виборі навушників звертайте увагу на шумозаглушення, час роботи та якість звуку.</p>', NULL, 'Редакция', '["навушники","гайд"]'::jsonb, 'published', true, 1240, 6, NULL, NULL, '2026-07-02T19:36:30.533Z', '2026-07-09T19:36:30.533Z', '2026-07-09T19:36:30.533Z') ON CONFLICT DO NOTHING;
INSERT INTO "articles" ("id", "title", "slug", "category_id", "excerpt", "content", "cover_image", "author", "tags", "status", "is_featured", "views_count", "reading_minutes", "meta_title", "meta_description", "published_at", "created_at", "updated_at") VALUES (2, 'ТОП-5 смартфонів за співвідношенням ціна/якість', 'top-5-smartphones', 1, 'Наша добірка найкращих смартфонів місяця.', '<p>У цьому огляді ми зібрали 5 моделей, які варті уваги.</p>', NULL, 'Редакция', '["смартфони","топ"]'::jsonb, 'published', false, 860, 8, NULL, NULL, '2026-07-06T19:36:30.533Z', '2026-07-09T19:36:30.533Z', '2026-07-09T19:36:30.533Z') ON CONFLICT DO NOTHING;
INSERT INTO "articles" ("id", "title", "slug", "category_id", "excerpt", "content", "cover_image", "author", "tags", "status", "is_featured", "views_count", "reading_minutes", "meta_title", "meta_description", "published_at", "created_at", "updated_at") VALUES (3, 'Як доглядати за механічною клавіатурою', 'keyboard-care', 3, 'Прості поради для довговічності вашої клавіатури.', '<p>Регулярно чистіть перемикачі та знімайте кейкапи.</p>', NULL, 'Редакция', '["клавіатури"]'::jsonb, 'draft', false, 0, 4, NULL, NULL, NULL, '2026-07-09T19:36:30.533Z', '2026-07-09T19:36:30.533Z') ON CONFLICT DO NOTHING;

-- categories (4 rows)
INSERT INTO "categories" ("id", "name_uk", "name_ru", "slug", "description_uk", "description_ru", "type", "parent_id", "image", "is_visible", "sort_order", "created_at", "updated_at") VALUES (1, 'Електроніка', 'Электроника', 'electronics', NULL, NULL, 'general', NULL, '/products/iphone-15-pro.png', true, 1, '2026-07-09T17:24:04.854Z', '2026-07-09T17:24:04.854Z') ON CONFLICT DO NOTHING;
INSERT INTO "categories" ("id", "name_uk", "name_ru", "slug", "description_uk", "description_ru", "type", "parent_id", "image", "is_visible", "sort_order", "created_at", "updated_at") VALUES (2, 'Аксесуари', 'Аксессуары', 'accessories', NULL, NULL, 'general', NULL, '/products/iphone-case.png', true, 2, '2026-07-09T17:24:04.854Z', '2026-07-09T17:24:04.854Z') ON CONFLICT DO NOTHING;
INSERT INTO "categories" ("id", "name_uk", "name_ru", "slug", "description_uk", "description_ru", "type", "parent_id", "image", "is_visible", "sort_order", "created_at", "updated_at") VALUES (3, 'Аудіо', 'Аудио', 'audio', NULL, NULL, 'general', NULL, '/products/jbl-charge-5.png', true, 3, '2026-07-09T17:24:04.854Z', '2026-07-09T17:24:04.854Z') ON CONFLICT DO NOTHING;
INSERT INTO "categories" ("id", "name_uk", "name_ru", "slug", "description_uk", "description_ru", "type", "parent_id", "image", "is_visible", "sort_order", "created_at", "updated_at") VALUES (4, 'Компьютерна периферія', 'Компьютерная периферия', 'peripherals', NULL, NULL, 'general', NULL, '/products/logitech-g502.png', true, 4, '2026-07-09T17:24:04.854Z', '2026-07-09T17:24:04.854Z') ON CONFLICT DO NOTHING;

-- customer_contacts (6 rows)
INSERT INTO "customer_contacts" ("id", "customer_id", "type", "value", "sort_order", "created_at") VALUES (1, 1, 'viber', '+380671234567', 0, '2026-07-09T18:46:28.403Z') ON CONFLICT DO NOTHING;
INSERT INTO "customer_contacts" ("id", "customer_id", "type", "value", "sort_order", "created_at") VALUES (2, 1, 'email', 'sales@kovalenko.com', 1, '2026-07-09T18:46:28.403Z') ON CONFLICT DO NOTHING;
INSERT INTO "customer_contacts" ("id", "customer_id", "type", "value", "sort_order", "created_at") VALUES (3, 2, 'whatsapp', '+380502345678', 0, '2026-07-09T18:46:28.403Z') ON CONFLICT DO NOTHING;
INSERT INTO "customer_contacts" ("id", "customer_id", "type", "value", "sort_order", "created_at") VALUES (4, 4, 'skype', 'tetiana.melnyk', 0, '2026-07-09T18:46:28.403Z') ON CONFLICT DO NOTHING;
INSERT INTO "customer_contacts" ("id", "customer_id", "type", "value", "sort_order", "created_at") VALUES (5, 4, 'phone', '+380661119988', 1, '2026-07-09T18:46:28.403Z') ON CONFLICT DO NOTHING;
INSERT INTO "customer_contacts" ("id", "customer_id", "type", "value", "sort_order", "created_at") VALUES (6, 6, 'viber', '@petro_s', 0, '2026-07-09T18:50:19.729Z') ON CONFLICT DO NOTHING;

-- customers (8 rows)
INSERT INTO "customers" ("id", "first_name", "last_name", "phone", "email", "reliability_score", "orders_count", "total_turnover", "last_order_date", "tags", "note", "created_at", "updated_at", "deleted_at") VALUES (1, 'Олександр', 'Коваленко', '+380671234567', 'o.kovalenko@gmail.com', 95, 12, '45890.00', '2026-07-06T18:46:27.747Z', '["VIP","Опт"]'::jsonb, NULL, '2026-07-09T18:46:27.747Z', '2026-07-09T18:46:27.747Z', NULL) ON CONFLICT DO NOTHING;
INSERT INTO "customers" ("id", "first_name", "last_name", "phone", "email", "reliability_score", "orders_count", "total_turnover", "last_order_date", "tags", "note", "created_at", "updated_at", "deleted_at") VALUES (2, 'Марія', 'Шевченко', '+380502345678', 'maria.shev@ukr.net', 80, 5, '12300.50', '2026-06-25T18:46:27.747Z', '["Роздріб"]'::jsonb, NULL, '2026-07-09T18:46:27.747Z', '2026-07-09T18:46:27.747Z', NULL) ON CONFLICT DO NOTHING;
INSERT INTO "customers" ("id", "first_name", "last_name", "phone", "email", "reliability_score", "orders_count", "total_turnover", "last_order_date", "tags", "note", "created_at", "updated_at", "deleted_at") VALUES (3, 'Іван', 'Бондаренко', '+380931234500', 'ivan.b@gmail.com', 60, 2, '3400.00', '2026-05-25T18:46:27.747Z', '[]'::jsonb, NULL, '2026-07-09T18:46:27.747Z', '2026-07-09T18:46:27.747Z', NULL) ON CONFLICT DO NOTHING;
INSERT INTO "customers" ("id", "first_name", "last_name", "phone", "email", "reliability_score", "orders_count", "total_turnover", "last_order_date", "tags", "note", "created_at", "updated_at", "deleted_at") VALUES (4, 'Тетяна', 'Мельник', '+380661112233', NULL, 100, 28, '98750.00', '2026-07-08T18:46:27.747Z', '["VIP","Постійний"]'::jsonb, NULL, '2026-07-09T18:46:27.747Z', '2026-07-09T18:46:27.747Z', NULL) ON CONFLICT DO NOTHING;
INSERT INTO "customers" ("id", "first_name", "last_name", "phone", "email", "reliability_score", "orders_count", "total_turnover", "last_order_date", "tags", "note", "created_at", "updated_at", "deleted_at") VALUES (5, 'Дмитро', 'Ткаченко', '+380681239876', 'd.tkachenko@gmail.com', 40, 1, '890.00', '2026-04-10T18:46:27.747Z', '["Проблемний"]'::jsonb, NULL, '2026-07-09T18:46:27.747Z', '2026-07-09T18:46:27.747Z', NULL) ON CONFLICT DO NOTHING;
INSERT INTO "customers" ("id", "first_name", "last_name", "phone", "email", "reliability_score", "orders_count", "total_turnover", "last_order_date", "tags", "note", "created_at", "updated_at", "deleted_at") VALUES (6, 'Петро', 'Сидоренко', '+380991112233', 'petro@gmail.com', 100, 0, '0.00', NULL, '["Оптовик"]'::jsonb, NULL, '2026-07-09T18:50:19.710Z', '2026-07-09T18:50:58.391Z', NULL) ON CONFLICT DO NOTHING;
INSERT INTO "customers" ("id", "first_name", "last_name", "phone", "email", "reliability_score", "orders_count", "total_turnover", "last_order_date", "tags", "note", "created_at", "updated_at", "deleted_at") VALUES (7, 'Ivan', 'Petrenko', '380671112233', NULL, 100, 1, '44999.00', '2026-07-09T21:53:48.117Z', '[]'::jsonb, NULL, '2026-07-09T21:53:48.036Z', '2026-07-09T21:53:48.036Z', NULL) ON CONFLICT DO NOTHING;
INSERT INTO "customers" ("id", "first_name", "last_name", "phone", "email", "reliability_score", "orders_count", "total_turnover", "last_order_date", "tags", "note", "created_at", "updated_at", "deleted_at") VALUES (8, 'Oleh', 'Shevchenko', '380671234567', NULL, 100, 1, '9999.00', '2026-07-09T22:06:38.567Z', '[]'::jsonb, NULL, '2026-07-09T22:06:38.504Z', '2026-07-09T22:06:38.504Z', NULL) ON CONFLICT DO NOTHING;

-- delivery_methods (2 rows)
INSERT INTO "delivery_methods" ("id", "code", "name", "is_active", "is_removable", "config", "sort_order", "created_at", "updated_at") VALUES (2, 'ukrposhta', 'Укрпошта', false, true, '{}'::jsonb, 2, '2026-07-09T18:28:52.957Z', '2026-07-09T18:28:52.957Z') ON CONFLICT DO NOTHING;
INSERT INTO "delivery_methods" ("id", "code", "name", "is_active", "is_removable", "config", "sort_order", "created_at", "updated_at") VALUES (1, 'nova_poshta', 'Нова Пошта', true, false, '{"apiKey":"f7018b97d24ab182a9666a9153b3fe35"}'::jsonb, 1, '2026-07-09T18:28:52.957Z', '2026-07-09T18:28:52.957Z') ON CONFLICT DO NOTHING;

-- discounts (2 rows)
INSERT INTO "discounts" ("id", "name_uk", "name_ru", "type", "value", "start_date", "end_date", "is_active", "created_at", "updated_at") VALUES (1, 'Знижка 10%', 'Скидка 10%', 'percentage', '10.00', NULL, NULL, true, '2026-07-09T17:24:05.735Z', '2026-07-09T17:24:05.735Z') ON CONFLICT DO NOTHING;
INSERT INTO "discounts" ("id", "name_uk", "name_ru", "type", "value", "start_date", "end_date", "is_active", "created_at", "updated_at") VALUES (2, 'Сезонний розпродаж', 'Сезонная распродажа', 'percentage', '20.00', NULL, NULL, true, '2026-07-09T17:24:05.735Z', '2026-07-09T17:24:05.735Z') ON CONFLICT DO NOTHING;

-- marketplace_categories (4 rows)
INSERT INTO "marketplace_categories" ("id", "name_uk", "name_ru", "parent_id", "is_active", "created_at", "updated_at") VALUES (1, 'Одяг та взуття', 'Одежда и обувь', NULL, true, '2026-07-09T17:24:04.853Z', '2026-07-09T17:24:04.853Z') ON CONFLICT DO NOTHING;
INSERT INTO "marketplace_categories" ("id", "name_uk", "name_ru", "parent_id", "is_active", "created_at", "updated_at") VALUES (2, 'Жіночий одяг', 'Женская одежда', 1, true, '2026-07-09T17:24:04.853Z', '2026-07-09T17:24:04.853Z') ON CONFLICT DO NOTHING;
INSERT INTO "marketplace_categories" ("id", "name_uk", "name_ru", "parent_id", "is_active", "created_at", "updated_at") VALUES (3, 'Електроніка', 'Электроника', NULL, true, '2026-07-09T17:24:04.853Z', '2026-07-09T17:24:04.853Z') ON CONFLICT DO NOTHING;
INSERT INTO "marketplace_categories" ("id", "name_uk", "name_ru", "parent_id", "is_active", "created_at", "updated_at") VALUES (4, 'Смартфони та планшети', 'Смартфоны и планшеты', 3, true, '2026-07-09T17:24:04.853Z', '2026-07-09T17:24:04.853Z') ON CONFLICT DO NOTHING;

-- order_items (3 rows)
INSERT INTO "order_items" ("id", "order_id", "product_id", "name", "sku", "image", "price", "quantity", "total", "created_at") VALUES (1, 1, 1, 'Жіночий купальник бікіні', 'SWM-001', NULL, '500.00', 1, '500.00', '2026-07-09T20:08:47.142Z') ON CONFLICT DO NOTHING;
INSERT INTO "order_items" ("id", "order_id", "product_id", "name", "sku", "image", "price", "quantity", "total", "created_at") VALUES (2, 5, 2, 'Смартфон iPhone 15 Pro 128GB', 'IPH15P-128', '/products/iphone-15-pro.png', '44999.00', 1, '44999.00', '2026-07-09T21:53:48.079Z') ON CONFLICT DO NOTHING;
INSERT INTO "order_items" ("id", "order_id", "product_id", "name", "sku", "image", "price", "quantity", "total", "created_at") VALUES (3, 6, 1, 'Беспроводные наушники AirPods Pro 2', 'APP-2023-001', '/products/airpods-pro-2.png', '9999.00', 1, '9999.00', '2026-07-09T22:06:38.536Z') ON CONFLICT DO NOTHING;

-- orders (6 rows)
INSERT INTO "orders" ("id", "order_number", "status", "customer_id", "customer_name", "customer_phone", "customer_email", "delivery_method", "delivery_city", "delivery_branch", "delivery_address", "tracking_number", "delivery_status", "payment_method", "payment_status", "items_total", "delivery_cost", "discount_total", "total", "items_count", "currency", "tags", "note", "created_by", "created_at", "updated_at", "user_id") VALUES (1, '414717676', 'accepted', NULL, 'Людмила Евенко', '+380731501115', 'l.evenko@gmail.com', 'nova_poshta', 'Березань (Київська обл.)', 'Поштомат №47132', NULL, '20451483614658', 'На шляху до одержувача', 'online', 'paid', '500.00', '100.00', '0.00', '600.00', 1, 'UAH', '["Розмір м-л"]'::jsonb, 'Коричневий колір', NULL, '2026-07-07T20:08:27.618Z', '2026-07-09T20:08:27.618Z', NULL) ON CONFLICT DO NOTHING;
INSERT INTO "orders" ("id", "order_number", "status", "customer_id", "customer_name", "customer_phone", "customer_email", "delivery_method", "delivery_city", "delivery_branch", "delivery_address", "tracking_number", "delivery_status", "payment_method", "payment_status", "items_total", "delivery_cost", "discount_total", "total", "items_count", "currency", "tags", "note", "created_by", "created_at", "updated_at", "user_id") VALUES (2, '414641295', 'accepted', NULL, 'Ганна Серебрянська', '+380938145655', NULL, 'nova_poshta', 'с. Новоселівка (Одеська обл.)', 'Пункт видачі', NULL, '20451482923453', 'На шляху до одержувача', 'online', 'paid', '375.00', '60.00', '0.00', '435.00', 1, 'UAH', '[]'::jsonb, NULL, NULL, '2026-07-07T20:08:27.618Z', '2026-07-09T20:08:27.618Z', NULL) ON CONFLICT DO NOTHING;
INSERT INTO "orders" ("id", "order_number", "status", "customer_id", "customer_name", "customer_phone", "customer_email", "delivery_method", "delivery_city", "delivery_branch", "delivery_address", "tracking_number", "delivery_status", "payment_method", "payment_status", "items_total", "delivery_cost", "discount_total", "total", "items_count", "currency", "tags", "note", "created_by", "created_at", "updated_at", "user_id") VALUES (3, '414607663', 'new', NULL, 'Андрій Шрамко', '+380964961281', NULL, 'nova_poshta', 'Павлоград (Дніпро обл.)', '№6', NULL, '20451482495451', 'На шляху до одержувача', 'cod', 'unpaid', '455.00', '70.00', '0.00', '525.00', 1, 'UAH', '[]'::jsonb, NULL, NULL, '2026-07-06T20:08:27.618Z', '2026-07-09T20:08:27.618Z', NULL) ON CONFLICT DO NOTHING;
INSERT INTO "orders" ("id", "order_number", "status", "customer_id", "customer_name", "customer_phone", "customer_email", "delivery_method", "delivery_city", "delivery_branch", "delivery_address", "tracking_number", "delivery_status", "payment_method", "payment_status", "items_total", "delivery_cost", "discount_total", "total", "items_count", "currency", "tags", "note", "created_by", "created_at", "updated_at", "user_id") VALUES (4, '414562711', 'done', NULL, 'Денис Ковальчук', '+380950469552', NULL, 'ukrposhta', 'Вінниця, 21001', 'просп. Коцюбинського, 30', NULL, '05056571032033', 'Доставлено', 'cod', 'paid', '270.00', '45.00', '0.00', '315.00', 1, 'UAH', '[]'::jsonb, NULL, NULL, '2026-07-05T20:08:27.618Z', '2026-07-09T20:08:27.618Z', NULL) ON CONFLICT DO NOTHING;
INSERT INTO "orders" ("id", "order_number", "status", "customer_id", "customer_name", "customer_phone", "customer_email", "delivery_method", "delivery_city", "delivery_branch", "delivery_address", "tracking_number", "delivery_status", "payment_method", "payment_status", "items_total", "delivery_cost", "discount_total", "total", "items_count", "currency", "tags", "note", "created_by", "created_at", "updated_at", "user_id") VALUES (5, '373647870', 'new', 7, 'Ivan Petrenko', '380671112233', NULL, 'nova_poshta', 'м. Київ, Київська обл.', 'Відділення №1: вул. Пирогівський шлях, 135', NULL, NULL, NULL, 'cod', 'unpaid', '44999.00', '0.00', '0.00', '44999.00', 1, 'UAH', '[]'::jsonb, NULL, 'OkM2sXpSIzWHvMGTFbT3OLa8biNNYNYX', '2026-07-09T21:53:48.058Z', '2026-07-09T21:53:48.058Z', 'OkM2sXpSIzWHvMGTFbT3OLa8biNNYNYX') ON CONFLICT DO NOTHING;
INSERT INTO "orders" ("id", "order_number", "status", "customer_id", "customer_name", "customer_phone", "customer_email", "delivery_method", "delivery_city", "delivery_branch", "delivery_address", "tracking_number", "delivery_status", "payment_method", "payment_status", "items_total", "delivery_cost", "discount_total", "total", "items_count", "currency", "tags", "note", "created_by", "created_at", "updated_at", "user_id") VALUES (6, '221503280', 'new', 8, 'Oleh Shevchenko', '380671234567', NULL, 'nova_poshta', 'м. Львів, Львівська обл.', 'Відділення №1: вул. Городоцька, 359', NULL, NULL, NULL, 'cod', 'unpaid', '9999.00', '0.00', '0.00', '9999.00', 1, 'UAH', '[]'::jsonb, NULL, 'hvyDFhb69swhYWHiLy0tJfBwUqBraTnP', '2026-07-09T22:06:38.520Z', '2026-07-09T22:06:38.520Z', 'hvyDFhb69swhYWHiLy0tJfBwUqBraTnP') ON CONFLICT DO NOTHING;

-- pages (7 rows)
INSERT INTO "pages" ("id", "title", "slug", "content", "excerpt", "cover_image", "template", "status", "show_in_menu", "menu_title", "sort_order", "meta_title", "meta_description", "published_at", "created_at", "updated_at") VALUES (1, 'О компании', 'about', '<h2>Про наш магазин</h2><p>Ми продаємо якісну електроніку з 2015 року.</p>', 'Історія та цінності нашого магазину', NULL, 'default', 'published', true, 'Про нас', 1, 'О компании — Магазин', NULL, '2026-06-09T19:36:30.511Z', '2026-07-09T19:36:30.511Z', '2026-07-09T19:36:30.511Z') ON CONFLICT DO NOTHING;
INSERT INTO "pages" ("id", "title", "slug", "content", "excerpt", "cover_image", "template", "status", "show_in_menu", "menu_title", "sort_order", "meta_title", "meta_description", "published_at", "created_at", "updated_at") VALUES (2, 'Доставка и оплата', 'delivery-payment', '<h2>Умови доставки</h2><p>Доставляємо Новою Поштою та Укрпоштою по всій Україні.</p>', 'Все способы доставки и оплаты', NULL, 'default', 'published', true, 'Доставка', 2, 'Доставка и оплата', NULL, '2026-06-19T19:36:30.511Z', '2026-07-09T19:36:30.511Z', '2026-07-09T19:36:30.511Z') ON CONFLICT DO NOTHING;
INSERT INTO "pages" ("id", "title", "slug", "content", "excerpt", "cover_image", "template", "status", "show_in_menu", "menu_title", "sort_order", "meta_title", "meta_description", "published_at", "created_at", "updated_at") VALUES (3, 'Контакты', 'contacts', '<h2>Наші контакти</h2><p>Телефон: +380 44 123 45 67</p>', 'Свяжитесь с нами', NULL, 'contacts', 'published', true, 'Контакты', 3, 'Контакты', NULL, '2026-06-24T19:36:30.511Z', '2026-07-09T19:36:30.511Z', '2026-07-09T19:36:30.511Z') ON CONFLICT DO NOTHING;
INSERT INTO "pages" ("id", "title", "title_ru", "slug", "content", "content_ru", "excerpt", "cover_image", "template", "status", "show_in_menu", "menu_title", "sort_order", "meta_title", "meta_description", "published_at", "created_at", "updated_at") VALUES (4, 'Політика конфіденційності', 'Политика конфиденциальности', 'privacy', '<p>Ми поважаємо вашу приватність та захищаємо персональні дані відповідно до законодавства України.</p><h2>1. Збір даних</h2><p>Ми збираємо лише ті дані, які необхідні для оформлення та доставки замовлення.</p><h2>2. Використання даних</h2><p>Персональні дані використовуються виключно для обробки замовлень та зв''язку з вами.</p><h2>3. Захист даних</h2><p>Ми вживаємо всіх необхідних заходів для захисту ваших персональних даних.</p>', '<p>Мы уважаем вашу конфиденциальность и защищаем персональные данные в соответствии с законодательством Украины.</p><h2>1. Сбор данных</h2><p>Мы собираем только те данные, которые необходимы для оформления и доставки заказа.</p><h2>2. Использование данных</h2><p>Персональные данные используются исключительно для обработки заказов и связи с вами.</p><h2>3. Защита данных</h2><p>Мы принимаем все необходимые меры для защиты ваших персональных данных.</p>', '', NULL, 'default', 'published', false, NULL, 4, NULL, NULL, '2026-07-09T19:36:30.511Z', '2026-07-09T19:36:30.511Z', '2026-07-09T19:36:30.511Z') ON CONFLICT DO NOTHING;
INSERT INTO "pages" ("id", "title", "title_ru", "slug", "content", "content_ru", "excerpt", "cover_image", "template", "status", "show_in_menu", "menu_title", "sort_order", "meta_title", "meta_description", "published_at", "created_at", "updated_at") VALUES (5, 'Угода користувача', 'Пользовательское соглашение', 'terms', '<p>Ця Угода користувача регулює використання інтернет-магазину. Користуючись сайтом, ви погоджуєтесь з умовами цієї Угоди.</p><h2>1. Загальні положення</h2><p>Адміністрація сайту надає користувачу доступ до перегляду та замовлення товарів.</p><h2>2. Замовлення</h2><p>Оформлюючи замовлення, користувач підтверджує достовірність наданих даних.</p><h2>3. Відповідальність</h2><p>Сторони несуть відповідальність згідно з чинним законодавством України.</p>', '<p>Настоящее Пользовательское соглашение регулирует использование интернет-магазина. Используя сайт, вы соглашаетесь с условиями данного Соглашения.</p><h2>1. Общие положения</h2><p>Администрация сайта предоставляет пользователю доступ к просмотру и заказу товаров.</p><h2>2. Заказы</h2><p>Оформляя заказ, пользователь подтверждает достоверность предоставленных данных.</p><h2>3. Ответственность</h2><p>Стороны несут ответственность в соответствии с действующим законодательством Украины.</p>', '', NULL, 'default', 'published', false, NULL, 5, NULL, NULL, '2026-07-09T19:36:30.511Z', '2026-07-09T19:36:30.511Z', '2026-07-09T19:36:30.511Z') ON CONFLICT DO NOTHING;
INSERT INTO "pages" ("id", "title", "title_ru", "slug", "content", "content_ru", "excerpt", "cover_image", "template", "status", "show_in_menu", "menu_title", "sort_order", "meta_title", "meta_description", "published_at", "created_at", "updated_at") VALUES (6, 'Політика повернення', 'Политика возвратов', 'returns', '<p>Ви можете повернути товар протягом 14 днів з моменту отримання згідно із Законом України «Про захист прав споживачів».</p><h2>1. Умови повернення</h2><p>Товар має бути у непошкодженому вигляді, зі збереженням товарного вигляду та упаковки.</p><h2>2. Як оформити повернення</h2><p>Зв''яжіться з нашою службою підтримки для оформлення заявки на повернення.</p><h2>3. Повернення коштів</h2><p>Кошти повертаються протягом 7 робочих днів після отримання товару.</p>', '<p>Вы можете вернуть товар в течение 14 дней с момента получения согласно Закону Украины «О защите прав потребителей».</p><h2>1. Условия возврата</h2><p>Товар должен быть в неповреждённом виде, с сохранением товарного вида и упаковки.</p><h2>2. Как оформить возврат</h2><p>Свяжитесь с нашей службой поддержки для оформления заявки на возврат.</p><h2>3. Возврат средств</h2><p>Средства возвращаются в течение 7 рабочих дней после получения товара.</p>', '', NULL, 'default', 'published', false, NULL, 6, NULL, NULL, '2026-07-09T19:36:30.511Z', '2026-07-09T19:36:30.511Z', '2026-07-09T19:36:30.511Z') ON CONFLICT DO NOTHING;
INSERT INTO "pages" ("id", "title", "title_ru", "slug", "content", "content_ru", "excerpt", "cover_image", "template", "status", "show_in_menu", "menu_title", "sort_order", "meta_title", "meta_description", "published_at", "created_at", "updated_at") VALUES (7, 'Доставка та оплата', 'Доставка и оплата', 'delivery', '<p>Ми доставляємо замовлення по всій Україні зручними для вас способами.</p><h2>1. Способи доставки</h2><ul><li>Нова Пошта — 1-3 робочі дні</li><li>Укрпошта — 3-7 робочих днів</li><li>Кур''єрська доставка по місту</li></ul><h2>2. Способи оплати</h2><ul><li>Накладений платіж при отриманні</li><li>Оплата картою онлайн</li><li>Безготівковий розрахунок</li></ul><h2>3. Вартість доставки</h2><p>Вартість доставки розраховується за тарифами перевізника.</p>', '<p>Мы доставляем заказы по всей Украине удобными для вас способами.</p><h2>1. Способы доставки</h2><ul><li>Нова Пошта — 1-3 рабочих дня</li><li>Укрпошта — 3-7 рабочих дней</li><li>Курьерская доставка по городу</li></ul><h2>2. Способы оплаты</h2><ul><li>Наложенный платёж при получении</li><li>Оплата картой онлайн</li><li>Безналичный расчёт</li></ul><h2>3. Стоимость доставки</h2><p>Стоимость доставки рассчитывается по тарифам перевозчика.</p>', '', NULL, 'default', 'published', false, NULL, 7, NULL, NULL, '2026-07-09T19:36:30.511Z', '2026-07-09T19:36:30.511Z', '2026-07-09T19:36:30.511Z') ON CONFLICT DO NOTHING;

-- payment_gateways (2 rows)
INSERT INTO "payment_gateways" ("id", "code", "name", "is_active", "is_test_mode", "config", "sort_order", "created_at", "updated_at") VALUES (1, 'wayforpay', 'WayForPay', false, true, '{"merchantAccount":"","merchantSecretKey":"","merchantDomainName":""}'::jsonb, 1, '2026-07-09T17:57:48.872Z', '2026-07-09T18:03:32.301Z') ON CONFLICT DO NOTHING;
INSERT INTO "payment_gateways" ("id", "code", "name", "is_active", "is_test_mode", "config", "sort_order", "created_at", "updated_at") VALUES (2, 'monobank', 'Monobank Acquiring', true, true, '{"token":"test_token_12345"}'::jsonb, 2, '2026-07-09T17:57:48.872Z', '2026-07-09T18:04:37.232Z') ON CONFLICT DO NOTHING;

-- payment_methods (3 rows)
INSERT INTO "payment_methods" ("id", "code", "name", "is_active", "config", "sort_order", "created_at", "updated_at") VALUES (1, 'cod', 'Наложенный платёж', true, '{}'::jsonb, 1, '2026-07-09T18:28:52.919Z', '2026-07-09T18:28:52.919Z') ON CONFLICT DO NOTHING;
INSERT INTO "payment_methods" ("id", "code", "name", "is_active", "config", "sort_order", "created_at", "updated_at") VALUES (2, 'online', 'Онлайн оплата (платёжные шлюзы)', true, '{}'::jsonb, 2, '2026-07-09T18:28:52.919Z', '2026-07-09T18:28:52.919Z') ON CONFLICT DO NOTHING;
INSERT INTO "payment_methods" ("id", "code", "name", "is_active", "config", "sort_order", "created_at", "updated_at") VALUES (3, 'requisites', 'Оплата по реквизитам', true, '{"iban":"UA123456789012345678901234567","mode":"requisites","edrpou":"12345678","recipientName":"ФОП Иванов И.И."}'::jsonb, 3, '2026-07-09T18:28:52.919Z', '2026-07-09T18:34:28.295Z') ON CONFLICT DO NOTHING;

-- payments (1 rows)
INSERT INTO "payments" ("id", "gateway_code", "order_reference", "invoice_id", "amount", "currency", "status", "description", "customer_name", "customer_email", "customer_phone", "payment_url", "refunded_amount", "raw_response", "created_at", "updated_at") VALUES (1, 'monobank', 'WFP-1783620300952-655', 'TEST-WFP-1783620300952-655', '1500.00', 'UAH', 'partially_refunded', 'Оплата заказа №1042', 'Иван Петров', NULL, NULL, 'https://vm-76dxl0b9pmoammos8ntzxixi.vusercontent.net/payments?demo=WFP-1783620300952-655', '500.00', '{"test":true,"orderReference":"WFP-1783620300952-655"}'::jsonb, '2026-07-09T18:05:01.026Z', '2026-07-09T18:05:53.297Z') ON CONFLICT DO NOTHING;

-- product_category (6 rows)
INSERT INTO "product_category" ("id", "product_id", "category_id", "created_at") VALUES (2, 2, 1, '2026-07-09T17:25:35.564Z') ON CONFLICT DO NOTHING;
INSERT INTO "product_category" ("id", "product_id", "category_id", "created_at") VALUES (3, 3, 2, '2026-07-09T17:25:35.564Z') ON CONFLICT DO NOTHING;
INSERT INTO "product_category" ("id", "product_id", "category_id", "created_at") VALUES (4, 4, 3, '2026-07-09T17:25:35.564Z') ON CONFLICT DO NOTHING;
INSERT INTO "product_category" ("id", "product_id", "category_id", "created_at") VALUES (5, 5, 4, '2026-07-09T17:25:35.564Z') ON CONFLICT DO NOTHING;
INSERT INTO "product_category" ("id", "product_id", "category_id", "created_at") VALUES (6, 6, 4, '2026-07-09T17:25:35.564Z') ON CONFLICT DO NOTHING;
INSERT INTO "product_category" ("id", "product_id", "category_id", "created_at") VALUES (7, 1, 3, '2026-07-09T17:38:22.296Z') ON CONFLICT DO NOTHING;

-- product_group_items (5 rows)
INSERT INTO "product_group_items" ("id", "product_id", "group_id", "sort_order", "created_at") VALUES (2, 2, 1, 2, '2026-07-09T17:25:35.572Z') ON CONFLICT DO NOTHING;
INSERT INTO "product_group_items" ("id", "product_id", "group_id", "sort_order", "created_at") VALUES (3, 2, 2, 1, '2026-07-09T17:25:35.572Z') ON CONFLICT DO NOTHING;
INSERT INTO "product_group_items" ("id", "product_id", "group_id", "sort_order", "created_at") VALUES (5, 4, 1, 3, '2026-07-09T17:25:35.572Z') ON CONFLICT DO NOTHING;
INSERT INTO "product_group_items" ("id", "product_id", "group_id", "sort_order", "created_at") VALUES (6, 1, 1, 0, '2026-07-09T17:38:22.335Z') ON CONFLICT DO NOTHING;
INSERT INTO "product_group_items" ("id", "product_id", "group_id", "sort_order", "created_at") VALUES (7, 1, 2, 1, '2026-07-09T17:38:22.335Z') ON CONFLICT DO NOTHING;

-- product_groups (2 rows)
INSERT INTO "product_groups" ("id", "name_uk", "name_ru", "slug", "description_uk", "description_ru", "sort_order", "is_active", "created_at", "updated_at") VALUES (1, 'Хіти продажів', 'Хиты продаж', 'bestsellers', NULL, NULL, 1, true, '2026-07-09T17:24:04.878Z', '2026-07-09T17:24:04.878Z') ON CONFLICT DO NOTHING;
INSERT INTO "product_groups" ("id", "name_uk", "name_ru", "slug", "description_uk", "description_ru", "sort_order", "is_active", "created_at", "updated_at") VALUES (2, 'Гаджети Apple', 'Гаджеты Apple', 'apple', NULL, NULL, 2, true, '2026-07-09T17:24:04.878Z', '2026-07-09T17:24:04.878Z') ON CONFLICT DO NOTHING;

-- product_questions (3 rows)
INSERT INTO "product_questions" ("id", "product_id", "author_name", "author_email", "question", "answer", "status", "answered_at", "created_at", "updated_at") VALUES (1, 1, 'Сергій', 'sergiy@gmail.com', 'Чи підтримують ці навушники бездротову зарядку?', 'Так, кейс підтримує бездротову зарядку Qi.', 'answered', '2026-07-07T19:36:31.366Z', '2026-07-09T19:36:31.366Z', '2026-07-09T19:36:31.366Z') ON CONFLICT DO NOTHING;
INSERT INTO "product_questions" ("id", "product_id", "author_name", "author_email", "question", "answer", "status", "answered_at", "created_at", "updated_at") VALUES (2, 2, 'Наталія', NULL, 'Скільки гарантія на цей смартфон?', NULL, 'pending', NULL, '2026-07-09T19:36:31.366Z', '2026-07-09T19:36:31.366Z') ON CONFLICT DO NOTHING;
INSERT INTO "product_questions" ("id", "product_id", "author_name", "author_email", "question", "answer", "status", "answered_at", "created_at", "updated_at") VALUES (3, 1, 'Віктор', 'viktor@ukr.net', 'Чи є українська локалізація?', NULL, 'pending', NULL, '2026-07-09T19:36:31.366Z', '2026-07-09T19:36:31.366Z') ON CONFLICT DO NOTHING;

-- product_reviews (4 rows)
INSERT INTO "product_reviews" ("id", "product_id", "author_name", "author_email", "rating", "title", "body", "pros", "cons", "status", "is_verified_purchase", "admin_reply", "helpful_count", "created_at", "updated_at") VALUES (1, 1, 'Андрій', 'andriy@gmail.com', 5, 'Чудові навушники', 'Користуюсь місяць, звук топовий, шумозаглушення працює відмінно.', 'Звук, ШумоЗаглушення', 'Ціна', 'approved', true, NULL, 14, '2026-07-09T19:36:30.531Z', '2026-07-09T19:36:30.531Z') ON CONFLICT DO NOTHING;
INSERT INTO "product_reviews" ("id", "product_id", "author_name", "author_email", "rating", "title", "body", "pros", "cons", "status", "is_verified_purchase", "admin_reply", "helpful_count", "created_at", "updated_at") VALUES (2, 1, 'Ольга', NULL, 4, 'Хороші, але дорогі', 'Загалом задоволена, але хотілося б дешевше.', 'Якість', 'Ціна', 'pending', false, NULL, 0, '2026-07-09T19:36:30.531Z', '2026-07-09T19:36:30.531Z') ON CONFLICT DO NOTHING;
INSERT INTO "product_reviews" ("id", "product_id", "author_name", "author_email", "rating", "title", "body", "pros", "cons", "status", "is_verified_purchase", "admin_reply", "helpful_count", "created_at", "updated_at") VALUES (3, 2, 'Максим', 'maxim@ukr.net', 5, 'Найкращий смартфон', 'Швидкий, гарна камера, тримає батарею весь день.', 'Камера, Швидкість', NULL, 'approved', true, NULL, 8, '2026-07-09T19:36:30.531Z', '2026-07-09T19:36:30.531Z') ON CONFLICT DO NOTHING;
INSERT INTO "product_reviews" ("id", "product_id", "author_name", "author_email", "rating", "title", "body", "pros", "cons", "status", "is_verified_purchase", "admin_reply", "helpful_count", "created_at", "updated_at") VALUES (4, 4, 'Ірина', NULL, 2, 'Не сподобалось', 'Колонка тихіша ніж очікувала.', NULL, 'Гучність', 'rejected', false, NULL, 0, '2026-07-09T19:36:30.531Z', '2026-07-09T19:36:30.531Z') ON CONFLICT DO NOTHING;

-- products (6 rows)
INSERT INTO "products" ("id", "name_uk", "name_ru", "description_uk", "description_ru", "private_notes", "sales_type", "sku", "barcode", "price", "price_from", "currency", "old_price", "cost_price", "quantity", "unit", "stock_status", "site_group_id", "marketplace_category_id", "width", "height", "length", "weight", "image", "is_visible", "is_in_stock", "is_popular", "sort_order", "views_count", "orders_count", "meta_title_uk", "meta_title_ru", "meta_description_uk", "meta_description_ru", "created_at", "updated_at", "deleted_at") VALUES (3, 'Чохол для iPhone 15 Pro силіконовий', 'Чехол для iPhone 15 Pro силиконовый', 'Мʼякий силіконовий чохол', 'Мягкий силиконовый чехол', NULL, 'both', 'CASE-15P-SIL', NULL, '599.00', false, 'UAH', '799.00', '250.00', 120, 'шт', 'В наличии', NULL, NULL, NULL, NULL, NULL, NULL, '/products/iphone-case.png', true, true, false, 0, 0, 0, NULL, NULL, NULL, NULL, '2026-07-09T17:25:25.722Z', '2026-07-09T17:25:25.722Z', NULL) ON CONFLICT DO NOTHING;
INSERT INTO "products" ("id", "name_uk", "name_ru", "description_uk", "description_ru", "private_notes", "sales_type", "sku", "barcode", "price", "price_from", "currency", "old_price", "cost_price", "quantity", "unit", "stock_status", "site_group_id", "marketplace_category_id", "width", "height", "length", "weight", "image", "is_visible", "is_in_stock", "is_popular", "sort_order", "views_count", "orders_count", "meta_title_uk", "meta_title_ru", "meta_description_uk", "meta_description_ru", "created_at", "updated_at", "deleted_at") VALUES (4, 'Портативна колонка JBL Charge 5', 'Портативная колонка JBL Charge 5', 'Потужний звук, захист IP67', 'Мощный звук, защита IP67', NULL, 'retail', 'JBL-CH5', NULL, '5499.00', false, 'UAH', '6299.00', '4200.00', 15, 'шт', 'В наличии', NULL, NULL, NULL, NULL, NULL, NULL, '/products/jbl-charge-5.png', true, true, false, 0, 0, 0, NULL, NULL, NULL, NULL, '2026-07-09T17:25:25.722Z', '2026-07-09T17:25:25.722Z', NULL) ON CONFLICT DO NOTHING;
INSERT INTO "products" ("id", "name_uk", "name_ru", "description_uk", "description_ru", "private_notes", "sales_type", "sku", "barcode", "price", "price_from", "currency", "old_price", "cost_price", "quantity", "unit", "stock_status", "site_group_id", "marketplace_category_id", "width", "height", "length", "weight", "image", "is_visible", "is_in_stock", "is_popular", "sort_order", "views_count", "orders_count", "meta_title_uk", "meta_title_ru", "meta_description_uk", "meta_description_ru", "created_at", "updated_at", "deleted_at") VALUES (5, 'Ігрова мишка Logitech G502', 'Игровая мышка Logitech G502', 'Сенсор HERO 25K, 11 кнопок', 'Сенсор HERO 25K, 11 кнопок', NULL, 'retail', 'LOG-G502', NULL, '2299.00', false, 'UAH', NULL, '1700.00', 0, 'шт', 'Нет в наличии', NULL, NULL, NULL, NULL, NULL, NULL, '/products/logitech-g502.png', true, true, false, 0, 0, 0, NULL, NULL, NULL, NULL, '2026-07-09T17:25:25.722Z', '2026-07-09T17:25:25.722Z', NULL) ON CONFLICT DO NOTHING;
INSERT INTO "products" ("id", "name_uk", "name_ru", "description_uk", "description_ru", "private_notes", "sales_type", "sku", "barcode", "price", "price_from", "currency", "old_price", "cost_price", "quantity", "unit", "stock_status", "site_group_id", "marketplace_category_id", "width", "height", "length", "weight", "image", "is_visible", "is_in_stock", "is_popular", "sort_order", "views_count", "orders_count", "meta_title_uk", "meta_title_ru", "meta_description_uk", "meta_description_ru", "created_at", "updated_at", "deleted_at") VALUES (6, 'Клавіатура механічна Keychron K2', 'Клавиатура механическая Keychron K2', 'Bluetooth, RGB підсвітка', 'Bluetooth, RGB подсветка', NULL, 'wholesale', 'KEY-K2', NULL, '3799.00', false, 'UAH', '4299.00', '2900.00', 7, 'шт', 'В наличии', NULL, NULL, NULL, NULL, NULL, NULL, '/products/keychron-k2.png', false, true, false, 0, 0, 0, NULL, NULL, NULL, NULL, '2026-07-09T17:25:25.722Z', '2026-07-09T17:25:25.722Z', NULL) ON CONFLICT DO NOTHING;
INSERT INTO "products" ("id", "name_uk", "name_ru", "description_uk", "description_ru", "private_notes", "sales_type", "sku", "barcode", "price", "price_from", "currency", "old_price", "cost_price", "quantity", "unit", "stock_status", "site_group_id", "marketplace_category_id", "width", "height", "length", "weight", "image", "is_visible", "is_in_stock", "is_popular", "sort_order", "views_count", "orders_count", "meta_title_uk", "meta_title_ru", "meta_description_uk", "meta_description_ru", "created_at", "updated_at", "deleted_at") VALUES (2, 'Смартфон iPhone 15 Pro 128GB', 'Смартфон iPhone 15 Pro 128GB', 'Титановий корпус, чіп A17 Pro', 'Титановый корпус, чип A17 Pro', NULL, 'retail', 'IPH15P-128', NULL, '44999.00', false, 'UAH', NULL, '38000.00', 7, 'шт', 'В наличии', NULL, NULL, NULL, NULL, NULL, NULL, '/products/iphone-15-pro.png', true, true, true, 0, 0, 1, NULL, NULL, NULL, NULL, '2026-07-09T17:25:25.722Z', '2026-07-09T17:25:25.722Z', NULL) ON CONFLICT DO NOTHING;
INSERT INTO "products" ("id", "name_uk", "name_ru", "description_uk", "description_ru", "private_notes", "sales_type", "sku", "barcode", "price", "price_from", "currency", "old_price", "cost_price", "quantity", "unit", "stock_status", "site_group_id", "marketplace_category_id", "width", "height", "length", "weight", "image", "is_visible", "is_in_stock", "is_popular", "sort_order", "views_count", "orders_count", "meta_title_uk", "meta_title_ru", "meta_description_uk", "meta_description_ru", "created_at", "updated_at", "deleted_at") VALUES (1, 'Бездротові навушники AirPods Pro 2', 'Беспроводные наушники AirPods Pro 2', 'Активне шумозаглушення, прозорий режим', 'Активное шумоподавление, прозрачный режим', NULL, 'retail', 'APP-2023-001', NULL, '9999.00', false, 'UAH', '11499.00', '7500.00', 24, 'шт', 'В наличии', NULL, NULL, NULL, NULL, NULL, NULL, '/products/airpods-pro-2.png', true, true, true, 0, 0, 1, NULL, NULL, NULL, NULL, '2026-07-09T17:25:25.722Z', '2026-07-09T17:38:22.207Z', NULL) ON CONFLICT DO NOTHING;

-- promotions (4 rows)
INSERT INTO "promotions" ("id", "type", "name", "discount_type", "discount_value", "promo_code", "target_type", "target_group_ids", "target_product_ids", "usage_limit", "min_order_amount", "no_stacking", "exclude_wholesale", "starts_at", "ends_at", "is_active", "used_count", "total_orders_amount", "total_discount_amount", "created_at", "updated_at") VALUES (1, 'promocode', 'Весняний розпродаж', 'percentage', '15.00', 'SPRING15', 'all', '[]'::jsonb, '[]'::jsonb, 500, '1000.00', true, true, '2026-06-29T19:10:03.724Z', '2026-07-29T19:10:03.724Z', true, 142, '289400.00', '43410.00', '2026-07-09T19:10:03.724Z', '2026-07-09T19:10:03.724Z') ON CONFLICT DO NOTHING;
INSERT INTO "promotions" ("id", "type", "name", "discount_type", "discount_value", "promo_code", "target_type", "target_group_ids", "target_product_ids", "usage_limit", "min_order_amount", "no_stacking", "exclude_wholesale", "starts_at", "ends_at", "is_active", "used_count", "total_orders_amount", "total_discount_amount", "created_at", "updated_at") VALUES (2, 'discount', 'Знижка на аксесуари', 'percentage', '10.00', NULL, 'groups', '[]'::jsonb, '[]'::jsonb, NULL, NULL, false, true, '2026-07-04T19:10:03.724Z', NULL, true, 58, '74200.00', '7420.00', '2026-07-09T19:10:03.724Z', '2026-07-09T19:10:03.724Z') ON CONFLICT DO NOTHING;
INSERT INTO "promotions" ("id", "type", "name", "discount_type", "discount_value", "promo_code", "target_type", "target_group_ids", "target_product_ids", "usage_limit", "min_order_amount", "no_stacking", "exclude_wholesale", "starts_at", "ends_at", "is_active", "used_count", "total_orders_amount", "total_discount_amount", "created_at", "updated_at") VALUES (3, 'promocode', 'Чорна пʼятниця', 'fixed', '300.00', 'BLACK300', 'all', '[]'::jsonb, '[]'::jsonb, 1000, '2000.00', true, true, '2026-08-08T19:10:03.724Z', '2026-08-11T19:10:03.724Z', false, 0, '0.00', '0.00', '2026-07-09T19:10:03.724Z', '2026-07-09T19:10:03.724Z') ON CONFLICT DO NOTHING;
INSERT INTO "promotions" ("id", "type", "name", "discount_type", "discount_value", "promo_code", "target_type", "target_group_ids", "target_product_ids", "usage_limit", "min_order_amount", "no_stacking", "exclude_wholesale", "starts_at", "ends_at", "is_active", "used_count", "total_orders_amount", "total_discount_amount", "created_at", "updated_at") VALUES (4, 'promocode', 'Літня знижка', 'percentage', '20.00', 'MPTYFMNG', 'all', '[]'::jsonb, '[]'::jsonb, NULL, NULL, false, false, '2026-07-09T00:00:00.000Z', NULL, true, 0, '0.00', '0.00', '2026-07-09T19:14:48.872Z', '2026-07-09T19:14:48.872Z') ON CONFLICT DO NOTHING;

-- roles (4 rows)
INSERT INTO "roles" ("id", "code", "name", "description", "permissions", "is_system", "created_at", "updated_at") VALUES (1, 'admin', 'Администратор', 'Полный доступ ко всем модулям', '["*"]'::jsonb, true, '2026-07-09T20:08:09.940Z', '2026-07-09T20:08:09.940Z') ON CONFLICT DO NOTHING;
INSERT INTO "roles" ("id", "code", "name", "description", "permissions", "is_system", "created_at", "updated_at") VALUES (2, 'manager', 'Менеджер', 'Управление заказами, товарами, клиентами', '["dashboard","orders","products","customers","reviews"]'::jsonb, true, '2026-07-09T20:08:09.940Z', '2026-07-09T20:08:09.940Z') ON CONFLICT DO NOTHING;
INSERT INTO "roles" ("id", "code", "name", "description", "permissions", "is_system", "created_at", "updated_at") VALUES (3, 'content', 'Контент-менеджер', 'Управление контентом и маркетингом', '["dashboard","pages","articles","promotions","reviews"]'::jsonb, false, '2026-07-09T20:08:09.940Z', '2026-07-09T20:08:09.940Z') ON CONFLICT DO NOTHING;
INSERT INTO "roles" ("id", "code", "name", "description", "permissions", "is_system", "created_at", "updated_at") VALUES (4, 'customer', 'Покупатель', 'Клиент магазина (без доступа в админку)', '[]'::jsonb, true, '2026-07-09T21:07:33.953Z', '2026-07-09T21:07:33.953Z') ON CONFLICT DO NOTHING;

-- site_groups (4 rows)
INSERT INTO "site_groups" ("id", "name_uk", "name_ru", "slug", "is_active", "sort_order", "created_at", "updated_at") VALUES (1, 'Головна сторінка', 'Главная страница', 'home', true, 1, '2026-07-09T17:24:04.786Z', '2026-07-09T17:24:04.786Z') ON CONFLICT DO NOTHING;
INSERT INTO "site_groups" ("id", "name_uk", "name_ru", "slug", "is_active", "sort_order", "created_at", "updated_at") VALUES (2, 'Новинки', 'Новинки', 'new', true, 2, '2026-07-09T17:24:04.786Z', '2026-07-09T17:24:04.786Z') ON CONFLICT DO NOTHING;
INSERT INTO "site_groups" ("id", "name_uk", "name_ru", "slug", "is_active", "sort_order", "created_at", "updated_at") VALUES (3, 'Розпродаж', 'Распродажа', 'sale', true, 3, '2026-07-09T17:24:04.786Z', '2026-07-09T17:24:04.786Z') ON CONFLICT DO NOTHING;
INSERT INTO "site_groups" ("id", "name_uk", "name_ru", "slug", "is_active", "sort_order", "created_at", "updated_at") VALUES (4, 'Рекомендовані', 'Рекомендованные', 'featured', true, 4, '2026-07-09T17:24:04.786Z', '2026-07-09T17:24:04.786Z') ON CONFLICT DO NOTHING;

-- store_settings (1 rows)
INSERT INTO "store_settings" ("id", "store_name", "store_description", "logo_url", "favicon_url", "open_cart_after_add", "social", "google_ads", "email_settings", "updated_at") VALUES (1, 'Techno Store', 'Інтернет-магазин електроніки та аксесуарів', NULL, NULL, true, '{"viber":{"url":"","enabled":false},"tiktok":{"url":"","enabled":false},"telegram":{"url":"","enabled":false},"instagram":{"url":"","enabled":false}}'::jsonb, '{"enabled":false,"conversionId":"","conversionLabel":""}'::jsonb, '{"enabled":false,"fromName":"","provider":"gmail","smtpHost":"","smtpPort":"587","smtpUser":"","fromEmail":"","smtpPassword":""}'::jsonb, '2026-07-09T20:08:09.969Z') ON CONFLICT DO NOTHING;

-- user (3 rows)
INSERT INTO "user" ("id", "name", "email", "emailVerified", "image", "role", "is_active", "createdAt", "updatedAt", "phone") VALUES ('OkM2sXpSIzWHvMGTFbT3OLa8biNNYNYX', 'Admin', 'admin@techno.store', false, NULL, 'admin', true, '2026-07-09T20:34:40.179Z', '2026-07-09T20:34:40.179Z', NULL) ON CONFLICT DO NOTHING;
INSERT INTO "user" ("id", "name", "email", "emailVerified", "image", "role", "is_active", "createdAt", "updatedAt", "phone") VALUES ('QPirC3Pe03kIko5IhpHlJARiODcJaleP', 'Test User', 'test-api@example.com', false, NULL, 'manager', true, '2026-07-09T21:56:48.139Z', '2026-07-09T21:56:48.139Z', '+380671234567') ON CONFLICT DO NOTHING;
INSERT INTO "user" ("id", "name", "email", "emailVerified", "image", "role", "is_active", "createdAt", "updatedAt", "phone") VALUES ('hvyDFhb69swhYWHiLy0tJfBwUqBraTnP', 'Oleh Shevchenko', 'oleh@example.com', true, NULL, 'customer', true, '2026-07-09T22:02:18.493Z', '2026-07-09T22:11:53.698Z', '+380671234567') ON CONFLICT DO NOTHING;

-- Reset sequences
SELECT setval(pg_get_serial_sequence('analytics_events', 'id'), COALESCE((SELECT MAX("id") FROM "analytics_events"), 1), true);
SELECT setval(pg_get_serial_sequence('article_categories', 'id'), COALESCE((SELECT MAX("id") FROM "article_categories"), 1), true);
SELECT setval(pg_get_serial_sequence('articles', 'id'), COALESCE((SELECT MAX("id") FROM "articles"), 1), true);
SELECT setval(pg_get_serial_sequence('categories', 'id'), COALESCE((SELECT MAX("id") FROM "categories"), 1), true);
SELECT setval(pg_get_serial_sequence('customer_contacts', 'id'), COALESCE((SELECT MAX("id") FROM "customer_contacts"), 1), true);
SELECT setval(pg_get_serial_sequence('customers', 'id'), COALESCE((SELECT MAX("id") FROM "customers"), 1), true);
SELECT setval(pg_get_serial_sequence('delivery_methods', 'id'), COALESCE((SELECT MAX("id") FROM "delivery_methods"), 1), true);
SELECT setval(pg_get_serial_sequence('discounts', 'id'), COALESCE((SELECT MAX("id") FROM "discounts"), 1), true);
SELECT setval(pg_get_serial_sequence('marketplace_categories', 'id'), COALESCE((SELECT MAX("id") FROM "marketplace_categories"), 1), true);
SELECT setval(pg_get_serial_sequence('order_history', 'id'), COALESCE((SELECT MAX("id") FROM "order_history"), 1), true);
SELECT setval(pg_get_serial_sequence('order_items', 'id'), COALESCE((SELECT MAX("id") FROM "order_items"), 1), true);
SELECT setval(pg_get_serial_sequence('orders', 'id'), COALESCE((SELECT MAX("id") FROM "orders"), 1), true);
SELECT setval(pg_get_serial_sequence('pages', 'id'), COALESCE((SELECT MAX("id") FROM "pages"), 1), true);
SELECT setval(pg_get_serial_sequence('payment_events', 'id'), COALESCE((SELECT MAX("id") FROM "payment_events"), 1), true);
SELECT setval(pg_get_serial_sequence('payment_gateways', 'id'), COALESCE((SELECT MAX("id") FROM "payment_gateways"), 1), true);
SELECT setval(pg_get_serial_sequence('payment_methods', 'id'), COALESCE((SELECT MAX("id") FROM "payment_methods"), 1), true);
SELECT setval(pg_get_serial_sequence('payments', 'id'), COALESCE((SELECT MAX("id") FROM "payments"), 1), true);
SELECT setval(pg_get_serial_sequence('product_category', 'id'), COALESCE((SELECT MAX("id") FROM "product_category"), 1), true);
SELECT setval(pg_get_serial_sequence('product_characteristics', 'id'), COALESCE((SELECT MAX("id") FROM "product_characteristics"), 1), true);
SELECT setval(pg_get_serial_sequence('product_group_items', 'id'), COALESCE((SELECT MAX("id") FROM "product_group_items"), 1), true);
SELECT setval(pg_get_serial_sequence('product_groups', 'id'), COALESCE((SELECT MAX("id") FROM "product_groups"), 1), true);
SELECT setval(pg_get_serial_sequence('product_images', 'id'), COALESCE((SELECT MAX("id") FROM "product_images"), 1), true);
SELECT setval(pg_get_serial_sequence('product_questions', 'id'), COALESCE((SELECT MAX("id") FROM "product_questions"), 1), true);
SELECT setval(pg_get_serial_sequence('product_reviews', 'id'), COALESCE((SELECT MAX("id") FROM "product_reviews"), 1), true);
SELECT setval(pg_get_serial_sequence('products', 'id'), COALESCE((SELECT MAX("id") FROM "products"), 1), true);
SELECT setval(pg_get_serial_sequence('promotion_usages', 'id'), COALESCE((SELECT MAX("id") FROM "promotion_usages"), 1), true);
SELECT setval(pg_get_serial_sequence('promotions', 'id'), COALESCE((SELECT MAX("id") FROM "promotions"), 1), true);
SELECT setval(pg_get_serial_sequence('roles', 'id'), COALESCE((SELECT MAX("id") FROM "roles"), 1), true);
SELECT setval(pg_get_serial_sequence('site_groups', 'id'), COALESCE((SELECT MAX("id") FROM "site_groups"), 1), true);
